lead_id,geography,deal_size,sector,product_line,lead_age_days,sales_stage,num_interactions,clustering_score,mean_gap_days,recency_days,interaction_times,win
LEAD_0000,Greater China,Small,Healthcare,Software,24,3,5,7.055,11.18,36.28,"[9.0, 30.03, 40.12, 41.33, 53.72]",0
LEAD_0001,Southeast Asia,Medium,General Business,Hardware,12,2,12,7.881,5.385,13.97,"[16.8, 30.96, 54.6, 54.63, 56.07, 58.04, 58.81, 59.04, 60.67, 75.95, 75.96, 76.03]",1
LEAD_0002,Europe,Small,General Business,Hardware,82,3,2,0.0,1.51,3.09,"[85.4, 86.91]",0
LEAD_0003,Southeast Asia,Medium,General Business,Software,18,2,5,12.194,13.552,15.01,"[20.78, 21.69, 54.9, 61.49, 74.99]",0
LEAD_0004,Europe,Medium,Energy,Services,45,2,20,5.217,2.912,9.23,"[25.45, 47.38, 48.04, 48.35, 48.45, 58.8, 59.01, 63.96, 64.43, 67.36, 68.0, 68.09, 68.35, 68.7, 69.2, 70.26, 70.38, 76.55, 76.74, 80.77]",1
LEAD_0005,Greater China,Medium,Energy,Services,42,3,5,7.493,10.73,6.63,"[40.45, 58.6, 76.5, 82.35, 83.37]",0
LEAD_0006,South Asia,Medium,Industry,Services,32,2,22,5.823,3.03,19.66,"[6.72, 28.93, 46.29, 47.28, 47.65, 48.37, 50.3, 50.78, 52.04, 53.12, 53.29, 54.18, 54.55, 64.2, 64.56, 64.72, 66.23, 66.86, 67.25, 68.01, 70.03, 70.34]",1
LEAD_0007,Greater China,Small,Energy,Hardware,84,4,2,0.0,21.08,57.93,"[10.99, 32.07]",0
LEAD_0008,South Asia,Large,Healthcare,Hardware,10,1,3,15.665,19.515,12.53,"[38.44, 73.62, 77.47]",0
LEAD_0009,Europe,Small,Energy,Hardware,81,3,9,13.386,8.876,13.66,"[5.33, 47.62, 48.42, 53.61, 60.53, 61.1, 75.2, 75.74, 76.34]",1
LEAD_0010,South Asia,Large,Industry,Hardware,68,1,2,0.0,40.61,44.76,"[4.63, 45.24]",0
LEAD_0011,Greater China,Medium,Healthcare,Hardware,10,3,2,0.0,7.48,42.22,"[40.3, 47.78]",0
LEAD_0012,Southeast Asia,Small,Energy,Services,77,3,3,13.765,25.245,17.72,"[21.79, 33.27, 72.28]",0
LEAD_0013,Europe,Large,Industry,Services,79,2,3,28.33,29.96,16.52,"[13.56, 71.85, 73.48]",0
LEAD_0014,South Asia,Medium,Healthcare,Hardware,89,1,3,21.945,29.745,29.02,"[1.49, 53.18, 60.98]",0
LEAD_0015,Southeast Asia,Medium,Industry,Analytics,28,4,4,8.862,16.29,5.35,"[35.78, 46.6, 75.39, 84.65]",0
LEAD_0016,Europe,Large,Industry,Services,66,1,2,0.0,4.26,6.78,"[78.96, 83.22]",0
LEAD_0017,Greater China,Medium,General Business,Services,25,2,1,90.0,90.0,90.0,[46.5],0
LEAD_0018,Europe,Large,General Business,Software,10,4,4,9.13,20.82,10.56,"[16.98, 25.1, 50.25, 79.44]",0
LEAD_0019,South Asia,Medium,Energy,Analytics,89,3,4,18.504,24.09,10.16,"[7.57, 57.78, 70.19, 79.84]",0
LEAD_0020,Europe,Medium,Healthcare,Software,47,4,20,10.544,3.594,14.69,"[7.03, 55.13, 56.73, 56.97, 57.28, 57.97, 58.11, 59.1, 63.96, 65.6, 66.04, 67.83, 68.8, 68.92, 70.57, 72.27, 73.96, 74.24, 75.17, 75.31]",1
LEAD_0021,Southeast Asia,Large,Energy,Analytics,28,4,3,22.455,42.795,0.49,"[3.92, 69.17, 89.51]",0
LEAD_0022,South Asia,Medium,Industry,Analytics,55,1,3,9.515,28.005,4.22,"[29.77, 67.29, 85.78]",0
LEAD_0023,Greater China,Small,General Business,Software,69,1,4,17.926,16.7,13.4,"[26.5, 28.52, 34.66, 76.6]",0
LEAD_0024,Southeast Asia,Enterprise,General Business,Analytics,34,2,19,6.653,3.612,9.19,"[15.79, 20.84, 48.06, 49.71, 50.11, 50.19, 50.41, 51.65, 53.19, 68.03, 70.65, 71.37, 71.8, 73.28, 73.5, 73.78, 74.2, 75.74, 80.81]",1
LEAD_0025,Europe,Enterprise,Healthcare,Hardware,60,1,2,0.0,23.05,41.16,"[25.79, 48.84]",0
LEAD_0026,Greater China,Large,Healthcare,Hardware,58,4,2,0.0,41.61,15.97,"[32.42, 74.03]",0
LEAD_0027,South Asia,Enterprise,Industry,Analytics,17,1,18,4.684,2.619,11.09,"[34.38, 52.68, 53.02, 53.08, 53.15, 53.29, 53.71, 55.49, 58.34, 59.0, 59.24, 59.41, 59.95, 67.03, 67.07, 76.37, 76.52, 78.91]",1
LEAD_0028,Greater China,Large,Industry,Hardware,72,1,5,9.702,16.727,21.79,"[1.3, 22.3, 32.04, 37.76, 68.21]",0
LEAD_0029,South Asia,Medium,Industry,Services,78,3,12,6.978,5.146,9.68,"[23.71, 30.83, 55.02, 56.1, 57.24, 60.58, 61.34, 61.74, 62.58, 74.93, 75.5, 80.32]",1
LEAD_0030,Southeast Asia,Small,Healthcare,Analytics,33,4,18,6.308,3.255,12.03,"[22.64, 25.08, 46.38, 47.0, 48.53, 51.65, 52.11, 71.53, 72.22, 72.45, 72.98, 75.02, 75.27, 76.23, 76.45, 77.01, 77.05, 77.97]",1
LEAD_0031,Greater China,Small,Healthcare,Services,45,1,5,13.898,12.242,2.92,"[38.11, 49.32, 51.17, 51.83, 87.08]",0
LEAD_0032,Southeast Asia,Small,Industry,Hardware,45,2,1,90.0,90.0,90.0,[69.88],0
LEAD_0033,Greater China,Enterprise,General Business,Software,71,4,5,10.196,11.288,23.41,"[21.44, 21.47, 34.0, 61.19, 66.59]",0
LEAD_0034,Southeast Asia,Enterprise,Industry,Services,22,3,3,6.2,40.25,8.52,"[0.98, 35.03, 81.48]",0
LEAD_0035,Europe,Medium,Industry,Services,80,4,13,8.313,4.665,9.25,"[24.77, 34.87, 65.23, 65.58, 66.49, 66.51, 67.68, 68.16, 75.22, 77.19, 77.24, 77.54, 80.75]",1
LEAD_0036,Europe,Large,Energy,Analytics,26,1,5,10.469,16.77,9.73,"[13.19, 20.03, 35.7, 46.2, 80.27]",0
LEAD_0037,Greater China,Medium,Industry,Hardware,17,4,5,12.315,13.845,1.26,"[33.36, 67.8, 73.15, 85.25, 88.74]",0
LEAD_0038,South Asia,Small,Industry,Software,40,3,5,8.212,10.268,26.54,"[22.39, 29.72, 34.02, 39.1, 63.46]",0
LEAD_0039,Greater China,Small,General Business,Software,67,4,4,1.569,4.253,15.95,"[61.29, 66.98, 69.05, 74.05]",0
LEAD_0040,Greater China,Small,Healthcare,Hardware,72,4,1,90.0,90.0,90.0,[7.46],0
LEAD_0041,Southeast Asia,Large,Energy,Software,15,2,4,7.226,28.033,1.99,"[3.91, 29.04, 50.04, 88.01]",0
LEAD_0042,Southeast Asia,Enterprise,Industry,Analytics,45,3,3,10.51,20.08,2.76,"[47.08, 56.65, 87.24]",0
LEAD_0043,Europe,Medium,General Business,Hardware,40,1,5,10.112,12.925,3.72,"[34.58, 62.72, 66.34, 82.37, 86.28]",0
LEAD_0044,Europe,Large,Energy,Analytics,85,4,17,4.918,3.177,9.98,"[29.18, 35.54, 55.99, 56.45, 56.82, 64.15, 64.27, 67.65, 68.05, 70.72, 71.95, 72.64, 73.34, 75.71, 76.53, 77.21, 80.02]",1
LEAD_0045,Europe,Small,General Business,Hardware,35,3,11,11.498,6.834,12.76,"[8.9, 48.78, 49.43, 56.82, 61.78, 65.09, 65.33, 75.63, 75.68, 75.84, 77.24]",1
LEAD_0046,Europe,Large,General Business,Software,10,3,5,8.083,9.968,29.55,"[20.58, 32.23, 54.56, 55.63, 60.45]",0
LEAD_0047,Southeast Asia,Medium,Energy,Software,35,2,13,10.306,5.023,15.6,"[14.12, 15.75, 53.58, 53.63, 59.58, 60.18, 60.68, 61.47, 61.61, 61.65, 63.82, 73.92, 74.4]",1
LEAD_0048,Europe,Medium,Healthcare,Analytics,61,1,1,90.0,90.0,90.0,[70.53],0
LEAD_0049,Southeast Asia,Small,Energy,Hardware,60,1,5,14.421,17.457,14.21,"[5.96, 41.34, 69.2, 71.68, 75.79]",0
LEAD_0050,Greater China,Small,General Business,Software,15,1,16,9.047,4.083,9.52,"[19.24, 56.19, 56.59, 56.9, 57.09, 63.72, 63.82, 64.27, 65.47, 71.07, 71.28, 71.54, 73.76, 74.7, 75.09, 80.48]",1
LEAD_0051,Southeast Asia,Enterprise,Energy,Analytics,55,2,1,90.0,90.0,90.0,[45.31],0
LEAD_0052,Southeast Asia,Enterprise,General Business,Software,82,2,1,90.0,90.0,90.0,[43.3],0
LEAD_0053,Europe,Small,Energy,Services,65,2,3,19.27,38.69,7.12,"[5.5, 24.92, 82.88]",0
LEAD_0054,Europe,Large,Energy,Analytics,61,3,2,0.0,20.59,21.6,"[47.81, 68.4]",0
LEAD_0055,Southeast Asia,Medium,Healthcare,Software,35,2,3,12.555,28.925,9.43,"[22.72, 64.2, 80.57]",0
LEAD_0056,Greater China,Small,Healthcare,Hardware,27,2,3,2.165,28.465,23.63,"[9.44, 35.74, 66.37]",0
LEAD_0057,Greater China,Enterprise,Industry,Hardware,48,1,11,11.427,5.347,26.31,"[10.22, 13.07, 52.19, 52.5, 53.19, 60.11, 61.31, 63.04, 63.55, 63.58, 63.69]",1
LEAD_0058,Greater China,Medium,General Business,Hardware,68,4,3,0.55,33.72,1.21,"[21.35, 54.52, 88.79]",0
LEAD_0059,Southeast Asia,Enterprise,General Business,Software,79,2,17,8.97,4.866,4.96,"[7.18, 25.59, 60.43, 60.75, 60.78, 61.04, 62.95, 67.59, 68.6, 73.28, 73.35, 73.62, 73.84, 75.64, 76.64, 77.26, 85.04]",1
LEAD_0060,Greater China,Small,Energy,Services,21,3,1,90.0,90.0,90.0,[54.96],0
LEAD_0061,South Asia,Medium,Healthcare,Software,46,2,3,2.92,27.51,6.12,"[28.86, 53.45, 83.88]",0
LEAD_0062,South Asia,Enterprise,Industry,Services,19,1,2,0.0,60.09,0.9,"[29.01, 89.1]",0
LEAD_0063,Europe,Large,General Business,Hardware,74,3,5,8.595,17.812,18.51,"[0.24, 10.5, 42.58, 54.55, 71.49]",0
LEAD_0064,Europe,Small,General Business,Software,78,2,19,8.844,3.647,5.2,"[19.15, 58.65, 59.35, 59.65, 63.42, 68.07, 68.47, 69.02, 71.11, 71.42, 71.88, 71.97, 72.43, 72.67, 74.69, 75.43, 75.86, 80.8, 84.8]",1
LEAD_0065,South Asia,Medium,Healthcare,Hardware,60,3,18,10.064,3.96,17.28,"[5.4, 8.25, 52.28, 54.32, 55.13, 55.63, 57.83, 58.89, 59.41, 60.57, 61.75, 64.86, 67.64, 69.02, 71.82, 72.09, 72.27, 72.72]",1
LEAD_0066,Southeast Asia,Large,Healthcare,Software,11,3,3,6.29,19.9,27.54,"[22.66, 48.85, 62.46]",0
LEAD_0067,Europe,Large,General Business,Services,20,2,2,0.0,10.37,59.17,"[20.46, 30.83]",0
LEAD_0068,Greater China,Medium,Healthcare,Hardware,55,3,4,24.703,24.333,7.93,"[9.07, 12.52, 23.04, 82.07]",0
LEAD_0069,Greater China,Medium,Healthcare,Services,52,4,4,7.562,10.72,6.98,"[50.86, 62.7, 63.65, 83.02]",0
LEAD_0070,Southeast Asia,Large,Industry,Services,40,2,8,12.135,8.681,7.94,"[21.29, 58.58, 62.03, 72.17, 72.23, 73.93, 75.06, 82.06]",1
LEAD_0071,Europe,Large,General Business,Hardware,82,1,1,90.0,90.0,90.0,[18.5],0
LEAD_0072,Europe,Large,General Business,Hardware,35,1,3,10.945,23.475,7.21,"[35.84, 48.37, 82.79]",0
LEAD_0073,South Asia,Medium,Healthcare,Software,43,3,1,90.0,90.0,90.0,[52.84],0
LEAD_0074,Europe,Enterprise,General Business,Hardware,60,2,18,7.152,3.699,10.79,"[16.32, 46.85, 47.92, 49.77, 53.77, 54.14, 55.92, 57.94, 57.97, 57.99, 62.08, 62.57, 62.6, 63.26, 63.94, 66.23, 76.9, 79.21]",1
LEAD_0075,Greater China,Medium,General Business,Services,47,3,4,15.385,22.927,4.85,"[16.37, 33.6, 77.56, 85.15]",0
LEAD_0076,Southeast Asia,Enterprise,Industry,Hardware,43,4,1,90.0,90.0,90.0,[2.28],0
LEAD_0077,South Asia,Large,General Business,Services,59,3,10,8.848,5.139,22.03,"[21.72, 29.05, 58.35, 58.38, 63.15, 63.48, 63.49, 65.05, 66.99, 67.97]",1
LEAD_0078,Southeast Asia,Medium,General Business,Services,46,2,5,6.314,14.603,23.77,"[7.82, 29.16, 36.58, 56.99, 66.23]",0
LEAD_0079,Europe,Medium,Industry,Software,28,4,5,12.353,14.248,9.66,"[23.35, 30.76, 37.93, 73.57, 80.34]",0
LEAD_0080,Southeast Asia,Enterprise,General Business,Software,21,4,5,13.487,14.435,12.5,"[19.76, 31.07, 32.65, 69.65, 77.5]",0
LEAD_0081,South Asia,Enterprise,Industry,Services,33,1,2,0.0,37.76,1.32,"[50.92, 88.68]",0
LEAD_0082,Southeast Asia,Small,Energy,Hardware,23,1,2,0.0,33.8,32.99,"[23.21, 57.01]",0
LEAD_0083,Europe,Medium,Industry,Analytics,13,2,13,7.619,4.803,11.72,"[20.64, 49.35, 50.32, 55.13, 55.14, 55.49, 57.45, 65.75, 65.82, 68.07, 73.41, 74.0, 78.28]",1
LEAD_0084,South Asia,Large,Industry,Software,71,2,2,0.0,51.45,23.58,"[14.97, 66.42]",0
LEAD_0085,Greater China,Medium,Energy,Services,45,3,15,10.838,4.736,21.0,"[2.7, 3.84, 46.96, 47.83, 47.86, 48.03, 48.57, 49.69, 52.83, 60.3, 60.85, 62.05, 63.13, 63.85, 69.0]",1
LEAD_0086,South Asia,Small,Healthcare,Services,70,3,2,0.0,34.54,48.63,"[6.83, 41.37]",0
LEAD_0087,Europe,Large,General Business,Hardware,53,3,13,4.134,3.524,13.72,"[33.99, 45.92, 48.29, 48.46, 51.71, 54.95, 55.23, 67.16, 68.31, 74.65, 74.85, 75.78, 76.28]",1
LEAD_0088,South Asia,Medium,Healthcare,Hardware,19,4,14,10.419,5.143,8.58,"[14.56, 15.88, 56.65, 58.87, 59.57, 62.25, 67.21, 67.4, 73.08, 73.67, 73.7, 76.55, 78.16, 81.42]",1
LEAD_0089,Greater China,Enterprise,Healthcare,Services,13,1,1,90.0,90.0,90.0,[66.41],0
LEAD_0090,Europe,Small,Energy,Software,51,4,2,0.0,76.11,11.69,"[2.2, 78.31]",0
LEAD_0091,South Asia,Small,Energy,Hardware,22,1,14,12.048,5.635,15.23,"[1.52, 46.82, 47.92, 53.23, 53.78, 55.04, 56.35, 58.63, 58.64, 60.22, 74.6, 74.69, 74.73, 74.77]",1
LEAD_0092,Southeast Asia,Large,Energy,Hardware,88,1,18,3.66,2.844,8.25,"[33.4, 49.18, 49.2, 49.29, 51.82, 56.52, 57.29, 58.02, 58.19, 60.19, 63.1, 68.94, 69.44, 71.97, 72.05, 74.53, 77.37, 81.75]",1
LEAD_0093,South Asia,Large,General Business,Services,70,3,2,0.0,2.16,43.63,"[44.21, 46.37]",0
LEAD_0094,South Asia,Enterprise,Healthcare,Analytics,12,4,3,14.035,14.095,41.67,"[20.14, 20.2, 48.33]",0
LEAD_0095,South Asia,Medium,Industry,Analytics,23,1,2,0.0,5.96,48.83,"[35.21, 41.17]",0
LEAD_0096,Europe,Medium,Healthcare,Analytics,38,1,3,1.845,6.575,3.99,"[72.86, 77.59, 86.01]",0
LEAD_0097,Greater China,Large,Healthcare,Software,14,3,3,9.845,12.435,64.67,"[0.46, 22.74, 25.33]",0
LEAD_0098,Europe,Large,Energy,Analytics,57,2,2,0.0,12.53,70.18,"[7.29, 19.82]",0
LEAD_0099,Europe,Medium,Energy,Software,78,1,1,90.0,90.0,90.0,[5.54],0
LEAD_0100,Greater China,Large,Healthcare,Hardware,71,1,3,8.26,21.46,15.78,"[31.3, 61.02, 74.22]",0
LEAD_0101,Southeast Asia,Large,Industry,Software,42,2,3,24.065,31.985,11.87,"[14.16, 22.08, 78.13]",0
LEAD_0102,Southeast Asia,Small,General Business,Software,22,3,10,11.315,5.27,13.12,"[29.45, 29.96, 67.19, 67.39, 69.37, 71.53, 72.83, 74.44, 75.8, 76.88]",1
LEAD_0103,Europe,Small,Energy,Analytics,48,2,5,15.471,16.233,1.69,"[23.38, 55.52, 56.86, 57.06, 88.31]",0
LEAD_0104,Southeast Asia,Enterprise,Energy,Analytics,44,4,3,0.8,18.98,3.33,"[48.71, 68.49, 86.67]",0
LEAD_0105,Southeast Asia,Medium,General Business,Hardware,69,3,5,11.339,19.56,5.65,"[6.11, 9.23, 27.09, 61.91, 84.35]",0
LEAD_0106,Europe,Medium,Industry,Analytics,31,1,2,0.0,37.41,47.38,"[5.21, 42.62]",0
LEAD_0107,Greater China,Medium,General Business,Analytics,59,2,18,3.217,2.728,8.91,"[34.72, 47.88, 48.12, 51.65, 55.2, 55.54, 55.78, 58.61, 59.97, 62.1, 63.61, 63.97, 66.34, 66.35, 66.57, 69.14, 76.43, 81.09]",1
LEAD_0108,Southeast Asia,Enterprise,Healthcare,Analytics,78,3,3,13.745,29.885,9.53,"[20.7, 36.84, 80.47]",0
LEAD_0109,Europe,Enterprise,Industry,Analytics,73,1,1,90.0,90.0,90.0,[64.34],0
LEAD_0110,Europe,Large,Industry,Services,89,3,4,22.98,20.493,11.82,"[16.7, 69.38, 69.89, 78.18]",0
LEAD_0111,Europe,Medium,Healthcare,Analytics,80,3,5,13.937,19.987,7.12,"[2.93, 11.81, 55.5, 71.69, 82.88]",0
LEAD_0112,Greater China,Large,Industry,Services,87,3,1,90.0,90.0,90.0,[54.66],0
LEAD_0113,South Asia,Large,General Business,Software,18,2,1,90.0,90.0,90.0,[14.47],0
LEAD_0114,Southeast Asia,Medium,Energy,Software,11,4,3,9.215,37.565,1.41,"[13.46, 41.81, 88.59]",0
LEAD_0115,Southeast Asia,Small,Energy,Analytics,47,4,3,0.21,7.43,12.59,"[62.55, 70.19, 77.41]",0
LEAD_0116,South Asia,Enterprise,Energy,Hardware,60,4,8,16.913,8.429,28.17,"[2.83, 52.66, 54.32, 55.46, 56.81, 59.57, 60.21, 61.83]",1
LEAD_0117,Southeast Asia,Enterprise,Energy,Hardware,75,2,2,0.0,10.0,17.95,"[62.05, 72.05]",0
LEAD_0118,Europe,Enterprise,General Business,Services,53,1,3,7.61,34.74,9.34,"[11.18, 53.53, 80.66]",0
LEAD_0119,South Asia,Enterprise,Energy,Software,41,1,2,0.0,1.09,4.74,"[84.17, 85.26]",0
LEAD_0120,Europe,Medium,Healthcare,Analytics,71,3,3,1.765,7.935,30.53,"[43.6, 49.77, 59.47]",0
LEAD_0121,Europe,Small,Energy,Services,31,2,3,6.81,17.9,50.53,"[3.67, 14.76, 39.47]",0
LEAD_0122,Europe,Medium,Energy,Software,21,3,4,24.266,24.49,2.17,"[14.36, 19.73, 78.46, 87.83]",0
LEAD_0123,Greater China,Enterprise,General Business,Hardware,17,1,5,7.816,11.043,25.27,"[20.56, 44.84, 49.98, 59.28, 64.73]",0
LEAD_0124,Europe,Medium,Energy,Software,68,3,4,17.103,19.487,28.78,"[2.76, 6.5, 17.96, 61.22]",0
LEAD_0125,Greater China,Large,Energy,Services,85,1,5,10.606,8.928,23.16,"[31.13, 33.39, 38.29, 65.45, 66.84]",0
LEAD_0126,Southeast Asia,Enterprise,Healthcare,Services,33,2,1,90.0,90.0,90.0,[46.26],0
LEAD_0127,Europe,Large,Energy,Services,75,3,2,0.0,12.42,18.63,"[58.95, 71.37]",0
LEAD_0128,Greater China,Enterprise,General Business,Hardware,67,2,5,13.957,13.535,24.02,"[11.84, 18.96, 56.07, 56.84, 65.98]",0
LEAD_0129,South Asia,Medium,General Business,Hardware,51,4,2,0.0,60.6,13.11,"[16.29, 76.89]",0
LEAD_0130,Greater China,Medium,Industry,Hardware,71,2,4,6.004,7.73,30.36,"[36.45, 52.15, 53.36, 59.64]",0
LEAD_0131,Southeast Asia,Medium,Industry,Analytics,26,3,10,14.604,8.243,10.56,"[5.25, 16.18, 64.39, 64.4, 73.21, 73.66, 74.3, 75.55, 77.31, 79.44]",1
LEAD_0132,Greater China,Medium,Energy,Services,85,1,1,90.0,90.0,90.0,[15.03],0
LEAD_0133,South Asia,Medium,General Business,Software,46,3,9,12.825,7.999,17.92,"[8.09, 48.95, 54.39, 63.51, 64.99, 65.07, 65.08, 65.52, 72.08]",1
LEAD_0134,South Asia,Small,General Business,Services,68,1,12,9.863,5.598,17.33,"[11.09, 25.37, 59.59, 60.16, 60.8, 60.84, 61.99, 62.29, 63.31, 68.65, 70.66, 72.67]",1
LEAD_0135,Europe,Enterprise,Industry,Hardware,17,2,5,6.164,17.42,11.87,"[8.45, 15.94, 39.94, 60.53, 78.13]",0
LEAD_0136,Southeast Asia,Small,Healthcare,Hardware,64,3,2,0.0,32.11,56.31,"[1.58, 33.69]",0
LEAD_0137,Greater China,Large,Energy,Services,35,4,1,90.0,90.0,90.0,[2.73],0
LEAD_0138,Greater China,Large,General Business,Analytics,55,4,1,90.0,90.0,90.0,[54.05],0
LEAD_0139,Europe,Small,Energy,Services,23,1,5,7.735,10.027,35.55,"[14.34, 28.63, 31.37, 51.95, 54.45]",0
LEAD_0140,Europe,Medium,Energy,Software,57,1,1,90.0,90.0,90.0,[8.14],0
LEAD_0141,South Asia,Enterprise,Energy,Analytics,84,4,2,0.0,6.94,53.63,"[29.43, 36.37]",0
LEAD_0142,South Asia,Large,Industry,Hardware,79,2,2,0.0,50.46,10.99,"[28.55, 79.01]",0
LEAD_0143,South Asia,Enterprise,Industry,Analytics,10,4,1,90.0,90.0,90.0,[29.55],0
LEAD_0144,Europe,Large,General Business,Analytics,80,3,5,3.179,4.86,36.32,"[34.24, 40.0, 49.11, 49.36, 53.68]",0
LEAD_0145,South Asia,Medium,Energy,Software,20,3,21,7.3,3.352,13.72,"[9.24, 17.49, 51.31, 53.29, 55.71, 57.35, 57.41, 57.46, 57.54, 58.27, 58.28, 58.47, 59.96, 60.78, 63.65, 67.44, 67.61, 68.9, 75.02, 75.81, 76.28]",1
LEAD_0146,South Asia,Large,Healthcare,Services,36,1,4,6.044,12.143,25.55,"[28.02, 48.52, 54.93, 64.45]",0
LEAD_0147,South Asia,Small,Industry,Hardware,13,2,1,90.0,90.0,90.0,[47.02],0
LEAD_0148,Southeast Asia,Enterprise,Energy,Software,83,3,12,6.041,3.666,26.39,"[23.28, 45.6, 48.5, 49.39, 51.04, 51.41, 52.49, 57.4, 60.47, 61.17, 61.73, 63.61]",1
LEAD_0149,Europe,Enterprise,Energy,Hardware,51,4,21,5.498,2.454,15.99,"[24.93, 50.64, 50.65, 51.28, 51.72, 52.49, 52.68, 56.72, 56.85, 58.77, 62.34, 62.81, 64.01, 64.22, 64.76, 65.01, 67.55, 72.01, 73.01, 73.77, 74.01]",1
LEAD_0150,Greater China,Large,Industry,Analytics,69,2,3,1.635,25.575,8.5,"[30.35, 54.29, 81.5]",0
LEAD_0151,Southeast Asia,Large,Healthcare,Analytics,45,4,5,19.039,15.803,9.52,"[17.27, 20.4, 29.1, 31.95, 80.48]",0
LEAD_0152,South Asia,Enterprise,Healthcare,Services,58,4,13,6.965,4.123,13.35,"[27.17, 53.08, 54.49, 55.89, 57.16, 61.83, 62.55, 66.73, 67.03, 67.89, 68.14, 68.37, 76.65]",1
LEAD_0153,Europe,Large,Healthcare,Services,71,2,9,10.684,8.838,10.05,"[9.25, 28.36, 60.29, 60.49, 60.98, 71.6, 77.74, 78.84, 79.95]",1
LEAD_0154,Southeast Asia,Small,Industry,Services,25,4,4,13.437,20.18,26.21,"[3.25, 23.68, 27.28, 63.79]",0
LEAD_0155,Greater China,Medium,Industry,Software,11,3,1,90.0,90.0,90.0,[49.84],0
LEAD_0156,Europe,Large,Healthcare,Hardware,61,2,2,0.0,7.64,35.95,"[46.41, 54.05]",0
LEAD_0157,Southeast Asia,Large,Industry,Services,52,3,4,23.646,24.427,6.25,"[10.47, 18.77, 76.63, 83.75]",0
LEAD_0158,Southeast Asia,Large,General Business,Software,44,2,2,0.0,5.6,11.87,"[72.53, 78.13]",0
LEAD_0159,South Asia,Small,General Business,Services,61,2,1,90.0,90.0,90.0,[29.03],0
LEAD_0160,Southeast Asia,Enterprise,General Business,Hardware,11,3,13,8.461,6.311,11.39,"[2.88, 27.96, 48.89, 49.13, 63.03, 64.32, 72.54, 73.49, 74.02, 75.05, 75.44, 77.2, 78.61]",1
LEAD_0161,South Asia,Enterprise,Energy,Analytics,22,3,14,9.742,5.25,15.35,"[6.4, 9.55, 47.08, 47.13, 47.37, 52.71, 52.78, 53.65, 55.05, 62.9, 64.01, 72.82, 73.32, 74.65]",1
LEAD_0162,South Asia,Medium,General Business,Services,13,4,1,90.0,90.0,90.0,[20.94],0
LEAD_0163,Europe,Small,General Business,Analytics,61,4,4,10.943,13.297,13.68,"[36.43, 65.19, 71.29, 76.32]",0
LEAD_0164,Europe,Small,General Business,Software,16,3,4,14.62,23.607,3.26,"[15.92, 34.84, 43.35, 86.74]",0
LEAD_0165,Southeast Asia,Large,General Business,Software,71,3,5,6.069,16.675,21.57,"[1.73, 12.34, 23.38, 48.18, 68.43]",0
LEAD_0166,Greater China,Enterprise,Industry,Analytics,62,2,5,15.08,19.12,3.64,"[9.88, 40.89, 43.91, 49.32, 86.36]",0
LEAD_0167,Europe,Enterprise,Healthcare,Analytics,64,1,2,0.0,66.37,12.18,"[11.45, 77.82]",0
LEAD_0168,South Asia,Small,General Business,Software,61,1,2,0.0,9.64,9.71,"[70.65, 80.29]",0
LEAD_0169,Southeast Asia,Large,General Business,Software,26,4,1,90.0,90.0,90.0,[84.85],0
LEAD_0170,Southeast Asia,Medium,General Business,Software,57,1,1,90.0,90.0,90.0,[75.68],0
LEAD_0171,Greater China,Enterprise,Energy,Analytics,69,4,9,7.392,6.214,14.5,"[25.79, 47.42, 49.77, 61.21, 61.23, 72.9, 73.02, 73.15, 75.5]",1
LEAD_0172,South Asia,Small,Industry,Services,33,3,18,5.698,4.138,8.06,"[11.6, 32.25, 47.1, 47.36, 48.29, 50.52, 54.72, 55.28, 62.36, 62.93, 64.7, 65.2, 65.27, 66.88, 77.11, 77.3, 79.3, 81.94]",1
LEAD_0173,South Asia,Enterprise,General Business,Software,11,2,11,12.251,6.089,24.74,"[4.37, 7.11, 49.0, 49.42, 49.62, 59.2, 59.48, 63.44, 63.69, 64.82, 65.26]",1
LEAD_0174,South Asia,Medium,Energy,Hardware,30,3,2,0.0,4.08,12.48,"[73.44, 77.52]",0
LEAD_0175,Southeast Asia,Medium,Healthcare,Software,56,2,5,9.095,8.582,14.22,"[41.45, 65.56, 67.95, 69.88, 75.78]",0
LEAD_0176,Greater China,Small,Industry,Services,84,4,3,3.68,20.64,24.48,"[24.24, 48.56, 65.52]",0
LEAD_0177,South Asia,Enterprise,General Business,Analytics,88,4,18,4.719,3.349,10.92,"[22.14, 29.34, 48.0, 49.56, 54.21, 54.78, 55.37, 56.97, 64.3, 65.26, 65.39, 65.93, 66.28, 67.73, 76.81, 76.96, 78.04, 79.08]",1
LEAD_0178,South Asia,Enterprise,Healthcare,Analytics,22,1,4,12.766,9.717,13.68,"[47.17, 74.94, 75.6, 76.32]",0
LEAD_0179,Europe,Small,General Business,Analytics,43,1,13,8.016,4.632,19.94,"[14.48, 31.47, 58.0, 58.13, 58.88, 58.94, 59.93, 61.16, 61.49, 66.64, 67.64, 67.76, 70.06]",1
LEAD_0180,South Asia,Large,General Business,Hardware,12,4,5,2.412,2.605,29.12,"[50.46, 50.53, 52.2, 54.31, 60.88]",0
LEAD_0181,Southeast Asia,Small,Healthcare,Hardware,40,4,4,9.399,16.393,27.41,"[13.41, 28.99, 57.28, 62.59]",0
LEAD_0182,Southeast Asia,Enterprise,Energy,Services,67,2,5,6.681,14.428,19.02,"[13.27, 29.54, 39.62, 46.55, 70.98]",0
LEAD_0183,Southeast Asia,Enterprise,Energy,Hardware,27,3,4,27.037,22.163,17.88,"[5.63, 66.03, 68.99, 72.12]",0
LEAD_0184,Europe,Large,Energy,Services,42,1,4,5.188,24.387,0.8,"[16.04, 44.65, 61.73, 89.2]",0
LEAD_0185,South Asia,Small,Industry,Services,18,2,5,6.328,7.605,57.4,"[2.18, 2.36, 16.6, 30.11, 32.6]",0
LEAD_0186,Europe,Enterprise,Healthcare,Analytics,79,1,3,27.11,30.66,5.34,"[23.34, 26.89, 84.66]",0
LEAD_0187,Greater China,Enterprise,General Business,Services,78,1,5,6.484,11.297,5.64,"[39.17, 43.28, 56.81, 63.54, 84.36]",0
LEAD_0188,South Asia,Large,General Business,Analytics,48,2,15,13.496,5.328,14.2,"[1.21, 2.26, 54.23, 54.26, 54.32, 54.88, 56.53, 58.42, 58.77, 58.88, 59.51, 59.79, 75.21, 75.22, 75.8]",1
LEAD_0189,Greater China,Enterprise,Energy,Hardware,66,1,4,14.76,20.563,20.53,"[7.78, 21.31, 28.37, 69.47]",0
LEAD_0190,Southeast Asia,Large,Energy,Analytics,84,4,5,5.072,20.905,1.68,"[4.7, 23.41, 37.69, 65.77, 88.32]",0
LEAD_0191,Greater China,Medium,Healthcare,Software,12,3,2,0.0,13.23,59.56,"[17.21, 30.44]",0
LEAD_0192,South Asia,Enterprise,Energy,Hardware,21,1,5,21.652,16.572,13.44,"[10.27, 13.61, 20.28, 22.59, 76.56]",0
LEAD_0193,Greater China,Medium,Industry,Services,33,1,5,15.298,17.83,12.59,"[6.09, 48.92, 63.71, 65.05, 77.41]",0
LEAD_0194,Greater China,Enterprise,General Business,Software,79,2,10,10.879,5.793,19.96,"[17.9, 54.26, 55.38, 55.59, 57.44, 62.3, 64.33, 67.31, 68.84, 70.04]",1
LEAD_0195,Greater China,Enterprise,General Business,Software,30,4,2,0.0,38.39,21.89,"[29.72, 68.11]",0
LEAD_0196,Europe,Large,Healthcare,Analytics,88,2,4,11.438,22.387,1.35,"[21.49, 40.61, 78.35, 88.65]",0
LEAD_0197,Europe,Enterprise,Industry,Analytics,72,2,1,90.0,90.0,90.0,[8.47],0
LEAD_0198,Southeast Asia,Enterprise,Industry,Software,53,1,2,0.0,35.31,45.2,"[9.49, 44.8]",0
LEAD_0199,Greater China,Large,Energy,Services,59,3,3,10.655,11.445,50.3,"[16.81, 17.6, 39.7]",0
LEAD_0200,South Asia,Small,Healthcare,Services,50,4,11,15.496,6.874,14.63,"[6.63, 59.86, 62.25, 62.99, 65.43, 66.46, 67.05, 69.53, 73.91, 74.96, 75.37]",1
LEAD_0201,Europe,Medium,Energy,Analytics,57,3,5,9.005,17.978,10.58,"[7.51, 39.63, 55.38, 72.32, 79.42]",0
LEAD_0202,South Asia,Large,Energy,Analytics,25,1,5,14.902,18.407,1.43,"[14.94, 57.12, 60.11, 79.37, 88.57]",0
LEAD_0203,South Asia,Medium,Industry,Analytics,36,1,1,90.0,90.0,90.0,[8.37],0
LEAD_0204,Southeast Asia,Enterprise,General Business,Services,29,2,14,6.164,4.699,13.79,"[15.12, 25.89, 48.32, 54.76, 55.09, 55.9, 56.82, 60.43, 60.6, 61.95, 63.26, 73.1, 75.2, 76.21]",1
LEAD_0205,Europe,Enterprise,Energy,Software,60,3,2,0.0,8.79,22.61,"[58.6, 67.39]",0
LEAD_0206,Europe,Small,Industry,Services,31,1,5,15.974,18.285,14.06,"[2.8, 22.86, 66.54, 72.56, 75.94]",0
LEAD_0207,Greater China,Enterprise,General Business,Analytics,49,4,19,7.623,4.057,12.34,"[4.64, 14.86, 47.88, 49.28, 51.51, 51.56, 54.28, 54.32, 54.63, 54.69, 57.82, 65.95, 66.99, 68.05, 70.09, 70.1, 70.34, 77.46, 77.66]",1
LEAD_0208,Greater China,Medium,Energy,Software,34,4,2,0.0,75.49,3.04,"[11.47, 86.96]",0
LEAD_0209,Greater China,Enterprise,Healthcare,Services,60,3,2,0.0,12.61,14.45,"[62.94, 75.55]",0
LEAD_0210,Europe,Small,Healthcare,Analytics,87,3,1,90.0,90.0,90.0,[27.43],0
LEAD_0211,South Asia,Enterprise,General Business,Hardware,28,3,4,15.348,18.213,26.67,"[8.69, 10.13, 48.66, 63.33]",0
LEAD_0212,Southeast Asia,Large,Industry,Hardware,73,1,4,12.521,9.033,36.15,"[26.75, 26.99, 27.11, 53.85]",0
LEAD_0213,Europe,Small,General Business,Analytics,77,3,3,23.705,24.605,11.05,"[29.74, 30.64, 78.95]",0
LEAD_0214,Southeast Asia,Large,General Business,Hardware,64,4,5,12.042,12.833,14.57,"[24.1, 25.68, 38.63, 71.02, 75.43]",0
LEAD_0215,South Asia,Small,Healthcare,Services,30,1,4,8.867,15.52,23.62,"[19.82, 43.95, 47.27, 66.38]",0
LEAD_0216,South Asia,Enterprise,Industry,Software,44,1,10,13.143,8.254,10.97,"[4.74, 48.73, 49.43, 50.56, 59.57, 61.45, 72.74, 73.49, 75.06, 79.03]",1
LEAD_0217,Europe,Medium,Industry,Software,85,1,3,11.105,15.745,4.45,"[54.06, 58.7, 85.55]",0
LEAD_0218,Greater China,Enterprise,Industry,Analytics,10,4,1,90.0,90.0,90.0,[0.26],0
LEAD_0219,Southeast Asia,Medium,Energy,Services,15,2,16,5.005,2.863,17.6,"[29.46, 48.9, 49.56, 49.65, 50.22, 50.73, 52.36, 52.46, 52.72, 52.96, 56.53, 57.68, 58.51, 62.87, 71.98, 72.4]",1
LEAD_0220,Europe,Large,General Business,Analytics,68,3,1,90.0,90.0,90.0,[2.67],0
LEAD_0221,South Asia,Medium,General Business,Analytics,28,3,5,9.599,17.195,6.35,"[14.87, 35.09, 65.69, 79.4, 83.65]",0
LEAD_0222,South Asia,Large,Energy,Services,21,1,1,90.0,90.0,90.0,[74.14],0
LEAD_0223,Europe,Large,Industry,Analytics,78,4,1,90.0,90.0,90.0,[57.28],0
LEAD_0224,Europe,Small,Industry,Analytics,56,3,8,10.474,5.114,20.3,"[33.9, 64.61, 66.13, 66.21, 66.96, 67.24, 69.44, 69.7]",1
LEAD_0225,South Asia,Large,Healthcare,Hardware,83,2,3,24.35,28.17,32.75,"[0.91, 53.43, 57.25]",0
LEAD_0226,Europe,Large,General Business,Hardware,48,4,3,19.125,35.185,8.78,"[10.85, 65.16, 81.22]",0
LEAD_0227,Europe,Large,Industry,Services,25,2,19,8.941,3.043,13.58,"[21.64, 61.33, 65.13, 66.98, 67.85, 68.38, 71.29, 71.53, 71.93, 72.04, 72.22, 72.57, 73.07, 73.33, 74.19, 74.86, 75.35, 75.6, 76.42]",1
LEAD_0228,Southeast Asia,Medium,Healthcare,Software,42,4,2,0.0,23.73,51.25,"[15.02, 38.75]",0
LEAD_0229,Greater China,Small,Healthcare,Analytics,65,1,11,11.475,6.867,13.1,"[8.23, 47.47, 49.07, 51.02, 62.03, 62.94, 64.06, 74.87, 75.65, 76.85, 76.9]",1
LEAD_0230,Greater China,Large,Industry,Hardware,76,3,5,8.191,8.033,55.08,"[2.79, 3.51, 14.4, 34.58, 34.92]",0
LEAD_0231,South Asia,Large,Energy,Software,68,1,16,5.244,2.739,23.39,"[25.52, 29.77, 51.46, 53.89, 55.07, 56.06, 56.47, 60.61, 63.35, 63.57, 64.95, 64.97, 65.09, 65.1, 65.43, 66.61]",1
LEAD_0232,Southeast Asia,Medium,Healthcare,Services,55,3,23,6.464,2.592,27.62,"[5.36, 33.99, 49.23, 50.37, 50.71, 51.4, 52.7, 53.26, 53.7, 54.04, 54.14, 54.74, 54.91, 56.15, 56.25, 56.4, 56.98, 58.74, 59.01, 59.45, 61.64, 62.04, 62.38]",1
LEAD_0233,Southeast Asia,Large,Energy,Services,57,4,4,9.942,13.567,22.08,"[27.22, 44.23, 44.27, 67.92]",0
LEAD_0234,South Asia,Small,Energy,Hardware,71,4,3,2.125,3.825,38.04,"[44.31, 46.01, 51.96]",0
LEAD_0235,Southeast Asia,Medium,Energy,Services,87,3,2,0.0,14.28,35.81,"[39.91, 54.19]",0
LEAD_0236,Greater China,Enterprise,General Business,Services,16,1,3,25.305,33.515,13.14,"[9.83, 18.04, 76.86]",0
LEAD_0237,Greater China,Enterprise,Healthcare,Services,81,3,3,2.43,8.02,33.61,"[40.35, 45.94, 56.39]",0
LEAD_0238,Europe,Large,General Business,Software,89,2,5,16.392,18.933,11.52,"[2.75, 47.45, 56.93, 58.0, 78.48]",0
LEAD_0239,Europe,Small,Healthcare,Software,50,4,3,24.525,42.685,3.83,"[0.8, 18.96, 86.17]",0
LEAD_0240,Greater China,Enterprise,Healthcare,Analytics,17,2,1,90.0,90.0,90.0,[8.08],0
LEAD_0241,Greater China,Medium,General Business,Hardware,76,1,20,8.74,3.719,11.74,"[7.6, 45.35, 45.9, 46.58, 46.67, 48.67, 48.8, 49.08, 49.47, 64.49, 65.37, 65.38, 65.67, 70.13, 70.18, 71.06, 71.29, 71.42, 77.42, 78.26]",1
LEAD_0242,South Asia,Enterprise,General Business,Hardware,76,4,3,13.6,36.91,14.2,"[1.98, 52.49, 75.8]",0
LEAD_0243,Southeast Asia,Medium,Energy,Analytics,39,1,5,7.652,17.23,10.02,"[11.06, 32.2, 54.31, 58.3, 79.98]",0
LEAD_0244,South Asia,Enterprise,Industry,Analytics,71,2,2,0.0,24.01,16.07,"[49.92, 73.93]",0
LEAD_0245,Greater China,Enterprise,Energy,Services,23,2,4,9.705,9.86,39.3,"[21.12, 26.1, 27.29, 50.7]",0
LEAD_0246,Greater China,Large,Industry,Analytics,68,3,20,3.492,2.353,20.99,"[24.31, 33.71, 47.88, 49.27, 51.11, 51.63, 53.55, 53.89, 54.32, 56.11, 57.02, 57.82, 62.9, 63.61, 64.15, 64.21, 65.62, 67.46, 67.83, 69.01]",1
LEAD_0247,Europe,Medium,Healthcare,Hardware,38,1,22,8.969,3.509,8.55,"[7.77, 24.4, 64.94, 65.09, 65.3, 65.91, 66.06, 67.13, 67.43, 67.9, 69.73, 70.52, 71.83, 73.44, 73.52, 74.98, 75.37, 75.65, 76.14, 76.43, 77.86, 81.45]",1
LEAD_0248,South Asia,Large,General Business,Analytics,43,1,4,6.938,12.687,23.53,"[28.41, 35.56, 58.03, 66.47]",0
LEAD_0249,South Asia,Medium,General Business,Analytics,63,1,4,20.882,23.41,15.9,"[3.87, 7.68, 60.02, 74.1]",0
LEAD_0250,Greater China,Medium,General Business,Hardware,62,4,5,14.886,15.058,8.0,"[21.77, 61.92, 63.84, 75.44, 82.0]",0
LEAD_0251,South Asia,Medium,Industry,Software,44,1,3,2.805,8.585,36.44,"[36.39, 47.78, 53.56]",0
LEAD_0252,Greater China,Medium,Industry,Software,52,1,15,6.645,3.825,16.76,"[19.69, 46.39, 47.06, 48.24, 48.58, 49.29, 52.04, 52.96, 57.31, 57.67, 58.2, 61.76, 69.51, 71.06, 73.24]",1
LEAD_0253,South Asia,Medium,General Business,Services,81,1,3,3.955,10.675,62.74,"[5.91, 20.54, 27.26]",0
LEAD_0254,Southeast Asia,Medium,Healthcare,Software,37,1,4,18.24,26.997,3.8,"[5.21, 42.64, 84.85, 86.2]",0
LEAD_0255,Greater China,Small,Industry,Hardware,59,3,4,14.405,17.157,20.08,"[18.45, 55.78, 65.31, 69.92]",0
LEAD_0256,South Asia,Medium,Healthcare,Hardware,34,2,3,8.935,29.885,17.0,"[13.23, 52.05, 73.0]",0
LEAD_0257,Southeast Asia,Large,General Business,Software,37,3,3,15.075,27.455,4.73,"[30.36, 72.89, 85.27]",0
LEAD_0258,Europe,Small,General Business,Analytics,66,3,1,90.0,90.0,90.0,[62.1],0
LEAD_0259,Europe,Large,General Business,Analytics,14,4,4,4.236,11.133,52.59,"[4.01, 20.72, 27.17, 37.41]",0
LEAD_0260,Southeast Asia,Small,Healthcare,Analytics,70,2,5,4.765,9.348,3.39,"[49.22, 55.88, 68.48, 83.58, 86.61]",0
LEAD_0261,Greater China,Small,Energy,Analytics,12,2,11,15.174,7.794,5.72,"[6.34, 59.14, 62.75, 66.2, 71.81, 76.9, 76.94, 77.41, 77.49, 78.02, 84.28]",1
LEAD_0262,Europe,Small,Energy,Analytics,35,2,4,12.014,14.233,15.35,"[31.95, 62.85, 65.89, 74.65]",0
LEAD_0263,Greater China,Small,Healthcare,Software,89,2,2,0.0,53.61,21.84,"[14.55, 68.16]",0
LEAD_0264,Greater China,Medium,Healthcare,Services,74,3,1,90.0,90.0,90.0,[14.64],0
LEAD_0265,Europe,Large,Energy,Analytics,53,1,5,5.782,20.637,6.64,"[0.81, 20.58, 32.13, 57.09, 83.36]",0
LEAD_0266,Greater China,Small,Industry,Analytics,75,3,3,6.345,7.065,53.75,"[22.12, 22.84, 36.25]",0
LEAD_0267,Europe,Medium,Energy,Services,54,2,4,18.304,21.13,0.61,"[26.0, 35.81, 82.76, 89.39]",0
LEAD_0268,Europe,Enterprise,Energy,Hardware,80,1,17,7.133,3.836,12.9,"[15.72, 20.88, 51.03, 51.65, 52.8, 57.43, 57.48, 59.58, 59.88, 62.1, 63.84, 66.53, 66.97, 67.42, 75.77, 76.19, 77.1]",1
LEAD_0269,South Asia,Enterprise,Healthcare,Services,35,3,3,8.43,34.2,8.66,"[12.94, 38.71, 81.34]",0
LEAD_0270,South Asia,Medium,Energy,Hardware,14,1,4,10.578,20.533,10.0,"[18.4, 49.01, 74.08, 80.0]",0
LEAD_0271,Greater China,Small,General Business,Analytics,28,4,4,8.062,17.527,10.85,"[26.57, 32.79, 57.24, 79.15]",0
LEAD_0272,Greater China,Large,Industry,Hardware,33,3,5,6.401,10.625,15.77,"[31.73, 46.41, 65.41, 69.65, 74.23]",0
LEAD_0273,South Asia,Small,Energy,Services,62,4,4,9.822,21.84,21.1,"[3.38, 11.51, 38.27, 68.9]",0
LEAD_0274,Europe,Small,Healthcare,Services,69,2,13,8.962,4.633,21.05,"[13.35, 46.74, 47.17, 47.18, 55.13, 55.18, 57.95, 58.89, 59.2, 59.52, 61.41, 66.28, 68.95]",1
LEAD_0275,South Asia,Small,Industry,Software,48,4,5,7.019,13.595,22.16,"[13.46, 34.26, 37.3, 48.82, 67.84]",0
LEAD_0276,Europe,Medium,General Business,Services,43,3,16,9.78,4.549,20.65,"[1.11, 12.41, 51.91, 53.05, 53.29, 55.75, 56.98, 57.82, 64.29, 64.7, 65.13, 65.37, 66.34, 66.36, 67.76, 69.35]",1
LEAD_0277,South Asia,Small,Healthcare,Software,82,1,13,10.079,4.926,12.85,"[18.04, 20.12, 57.99, 59.46, 60.99, 61.23, 64.01, 68.65, 69.05, 69.22, 69.5, 71.27, 77.15]",1
LEAD_0278,Europe,Small,Healthcare,Hardware,58,4,3,3.06,7.8,46.6,"[27.8, 38.66, 43.4]",0
LEAD_0279,Southeast Asia,Large,Healthcare,Services,73,2,18,11.064,4.516,10.77,"[2.46, 50.81, 51.72, 55.55, 55.72, 55.79, 57.21, 58.16, 58.87, 60.13, 65.25, 66.66, 68.49, 72.71, 76.96, 77.26, 78.31, 79.23]",1
LEAD_0280,South Asia,Small,Industry,Software,71,2,1,90.0,90.0,90.0,[61.69],0
LEAD_0281,Europe,Small,Industry,Hardware,75,2,4,21.588,25.973,1.62,"[10.46, 66.01, 70.64, 88.38]",0
LEAD_0282,Greater China,Medium,Energy,Analytics,63,1,4,20.734,21.12,1.77,"[24.87, 25.01, 38.88, 88.23]",0
LEAD_0283,Europe,Large,Industry,Services,38,2,11,8.912,6.348,21.34,"[5.18, 24.83, 47.79, 47.96, 48.01, 48.49, 48.65, 49.28, 50.93, 67.65, 68.66]",1
LEAD_0284,South Asia,Large,General Business,Hardware,38,3,4,10.333,15.947,33.87,"[8.29, 26.76, 53.91, 56.13]",0
LEAD_0285,Southeast Asia,Medium,General Business,Hardware,39,1,2,0.0,29.75,26.66,"[33.59, 63.34]",0
LEAD_0286,South Asia,Enterprise,Energy,Analytics,82,1,1,90.0,90.0,90.0,[47.32],0
LEAD_0287,Europe,Enterprise,Healthcare,Software,11,1,4,32.483,25.227,4.79,"[9.53, 13.93, 85.03, 85.21]",0
LEAD_0288,Greater China,Large,Energy,Hardware,57,1,3,4.705,17.945,20.49,"[33.62, 56.27, 69.51]",0
LEAD_0289,South Asia,Enterprise,Healthcare,Hardware,74,1,8,6.766,5.277,21.02,"[32.04, 52.36, 55.61, 64.92, 66.2, 66.4, 67.32, 68.98]",1
LEAD_0290,Southeast Asia,Enterprise,General Business,Hardware,34,4,16,10.24,4.441,11.4,"[11.99, 13.4, 54.3, 54.59, 67.27, 67.52, 72.67, 72.7, 72.8, 73.52, 74.93, 75.57, 75.94, 76.34, 77.97, 78.6]",1
LEAD_0291,Southeast Asia,Large,Industry,Software,28,4,3,12.385,22.655,19.19,"[25.5, 35.77, 70.81]",0
LEAD_0292,South Asia,Large,Healthcare,Hardware,17,3,2,0.0,19.91,51.53,"[18.56, 38.47]",0
LEAD_0293,Greater China,Enterprise,Energy,Software,48,1,4,7.802,15.807,9.42,"[33.16, 59.98, 70.86, 80.58]",0
LEAD_0294,Southeast Asia,Enterprise,Industry,Services,70,2,3,2.57,15.04,14.97,"[44.95, 57.42, 75.03]",0
LEAD_0295,Greater China,Enterprise,General Business,Analytics,46,3,4,4.148,10.97,19.34,"[37.75, 45.01, 53.9, 70.66]",0
LEAD_0296,Greater China,Enterprise,General Business,Services,16,1,3,2.265,36.975,6.56,"[9.49, 44.2, 83.44]",0
LEAD_0297,Europe,Enterprise,Energy,Services,87,2,2,0.0,46.37,6.84,"[36.79, 83.16]",0
LEAD_0298,Greater China,Enterprise,General Business,Services,38,1,11,12.35,6.07,18.22,"[11.08, 53.4, 53.59, 61.38, 61.81, 63.94, 65.34, 71.27, 71.61, 71.72, 71.78]",1
LEAD_0299,Southeast Asia,Enterprise,Healthcare,Hardware,14,4,2,0.0,9.19,56.38,"[24.43, 33.62]",0
LEAD_0300,Europe,Small,Industry,Analytics,70,1,3,6.06,21.6,15.4,"[31.4, 46.94, 74.6]",0
LEAD_0301,Europe,Small,Energy,Services,85,3,3,7.38,18.06,52.69,"[1.19, 26.63, 37.31]",0
LEAD_0302,South Asia,Medium,Healthcare,Software,22,4,4,2.598,6.827,69.34,"[0.18, 10.58, 14.88, 20.66]",0
LEAD_0303,Greater China,Small,Industry,Services,15,4,2,0.0,22.01,41.28,"[26.71, 48.72]",0
LEAD_0304,South Asia,Medium,Industry,Hardware,41,2,3,1.06,11.2,58.12,"[9.48, 21.74, 31.88]",0
LEAD_0305,Southeast Asia,Large,Industry,Software,82,2,4,1.973,4.323,62.01,"[15.02, 21.94, 24.08, 27.99]",0
LEAD_0306,Southeast Asia,Small,Industry,Analytics,37,4,3,5.17,6.35,39.88,"[37.42, 38.6, 50.12]",0
LEAD_0307,Europe,Enterprise,Healthcare,Services,83,4,2,0.0,29.56,44.99,"[15.45, 45.01]",0
LEAD_0308,Southeast Asia,Enterprise,General Business,Analytics,10,2,5,8.028,11.03,35.49,"[10.39, 10.55, 30.35, 47.93, 54.51]",0
LEAD_0309,Europe,Large,Healthcare,Hardware,35,1,14,7.084,4.082,17.8,"[19.14, 46.85, 48.93, 49.06, 50.02, 53.12, 60.1, 62.1, 66.79, 67.85, 68.19, 68.54, 71.69, 72.2]",1
LEAD_0310,South Asia,Small,Healthcare,Analytics,28,2,1,90.0,90.0,90.0,[79.43],0
LEAD_0311,Europe,Small,General Business,Services,62,2,1,90.0,90.0,90.0,[72.32],0
LEAD_0312,South Asia,Small,General Business,Analytics,57,2,4,9.643,19.983,13.69,"[16.36, 49.1, 66.88, 76.31]",0
LEAD_0313,Europe,Small,Energy,Software,75,1,5,14.668,21.293,0.97,"[3.86, 20.84, 40.17, 84.83, 89.03]",0
LEAD_0314,South Asia,Enterprise,Industry,Hardware,87,4,20,8.455,3.294,18.11,"[9.3, 47.26, 48.09, 48.1, 56.96, 56.98, 59.58, 59.72, 65.05, 66.37, 66.5, 66.8, 67.84, 67.87, 67.9, 70.01, 70.24, 70.62, 70.73, 71.89]",1
LEAD_0315,Europe,Small,Healthcare,Hardware,30,4,2,0.0,27.93,9.98,"[52.09, 80.02]",0
LEAD_0316,Southeast Asia,Small,Industry,Analytics,51,4,2,0.0,26.8,25.85,"[37.35, 64.15]",0
LEAD_0317,Europe,Medium,Healthcare,Services,68,1,5,12.934,16.2,8.29,"[16.91, 19.34, 38.24, 45.64, 81.71]",0
LEAD_0318,South Asia,Enterprise,Energy,Services,11,2,19,4.958,2.319,16.61,"[31.65, 53.83, 54.82, 56.08, 59.23, 59.62, 59.72, 59.87, 59.95, 60.46, 61.14, 61.34, 61.94, 62.16, 63.88, 66.75, 67.2, 71.51, 73.39]",1
LEAD_0319,Greater China,Large,General Business,Services,14,4,2,0.0,31.93,19.46,"[38.61, 70.54]",0
LEAD_0320,Greater China,Enterprise,Healthcare,Services,38,3,5,10.211,17.498,13.96,"[6.05, 22.41, 51.9, 74.29, 76.04]",0
LEAD_0321,Southeast Asia,Large,General Business,Software,29,4,15,6.659,4.73,3.5,"[20.28, 22.3, 47.04, 52.77, 54.88, 55.38, 69.36, 69.82, 71.53, 74.76, 74.96, 76.15, 77.69, 78.31, 86.5]",1
LEAD_0322,South Asia,Large,Energy,Software,19,3,1,90.0,90.0,90.0,[6.24],0
LEAD_0323,Greater China,Large,Energy,Services,28,3,2,0.0,28.64,26.33,"[35.03, 63.67]",0
LEAD_0324,Southeast Asia,Small,Energy,Services,33,3,2,0.0,16.72,42.51,"[30.77, 47.49]",0
LEAD_0325,Greater China,Large,Healthcare,Software,60,1,4,13.302,14.36,5.41,"[41.51, 44.47, 77.49, 84.59]",0
LEAD_0326,Southeast Asia,Large,Energy,Software,41,3,5,10.38,17.422,5.25,"[15.06, 33.58, 60.73, 60.98, 84.75]",0
LEAD_0327,Southeast Asia,Medium,Industry,Hardware,50,3,1,90.0,90.0,90.0,[58.38],0
LEAD_0328,South Asia,Small,General Business,Services,74,4,4,1.948,16.123,37.82,"[3.81, 18.37, 37.24, 52.18]",0
LEAD_0329,Southeast Asia,Enterprise,Industry,Software,55,2,2,0.0,68.4,19.88,"[1.72, 70.12]",0
LEAD_0330,Southeast Asia,Medium,Energy,Hardware,52,3,4,6.852,13.66,8.08,"[40.94, 57.51, 61.71, 81.92]",0
LEAD_0331,Europe,Large,Industry,Analytics,22,1,2,0.0,26.6,38.47,"[24.93, 51.53]",0
LEAD_0332,South Asia,Enterprise,Industry,Software,35,3,4,11.112,11.747,51.9,"[2.86, 4.68, 31.94, 38.1]",0
LEAD_0333,South Asia,Enterprise,Industry,Services,64,4,15,11.574,5.012,16.77,"[3.06, 47.97, 48.11, 49.18, 51.41, 65.25, 66.7, 67.15, 67.76, 68.06, 70.47, 70.65, 70.69, 72.55, 73.23]",1
LEAD_0334,Europe,Enterprise,Healthcare,Analytics,59,3,4,13.043,26.613,5.19,"[4.97, 15.13, 42.75, 84.81]",0
LEAD_0335,Europe,Medium,Industry,Software,24,1,21,8.682,3.947,10.96,"[0.11, 11.22, 50.18, 50.43, 50.61, 50.69, 53.8, 53.95, 64.74, 65.85, 66.18, 72.44, 72.87, 74.69, 75.67, 75.77, 75.89, 76.02, 76.04, 76.56, 79.04]",1
LEAD_0336,South Asia,Small,Energy,Services,26,1,15,8.977,4.036,9.8,"[23.69, 24.73, 60.29, 61.03, 61.98, 62.82, 63.6, 64.17, 64.85, 67.59, 76.12, 76.99, 77.09, 79.46, 80.2]",1
LEAD_0337,Greater China,Small,Healthcare,Hardware,57,2,19,4.282,2.561,11.73,"[32.18, 49.64, 49.8, 51.56, 51.97, 52.48, 52.61, 53.19, 54.6, 55.43, 55.61, 55.78, 58.21, 61.39, 62.91, 63.54, 65.8, 76.22, 78.27]",1
LEAD_0338,Southeast Asia,Large,Energy,Software,68,3,5,15.922,13.967,18.37,"[15.76, 19.64, 19.85, 60.55, 71.63]",0
LEAD_0339,Europe,Small,Industry,Analytics,31,4,5,6.699,12.822,33.89,"[4.82, 20.89, 33.89, 54.03, 56.11]",0
LEAD_0340,South Asia,Small,Energy,Hardware,10,3,5,12.315,19.815,7.13,"[3.61, 8.44, 26.23, 43.75, 82.87]",0
LEAD_0341,Europe,Large,Industry,Analytics,68,1,5,11.074,13.638,21.55,"[13.9, 38.7, 41.97, 43.85, 68.45]",0
LEAD_0342,Greater China,Large,Industry,Hardware,22,4,2,0.0,38.67,15.52,"[35.81, 74.48]",0
LEAD_0343,South Asia,Small,Healthcare,Software,30,4,16,5.813,2.947,18.76,"[27.03, 47.74, 48.18, 50.24, 50.55, 50.88, 50.91, 51.31, 52.35, 52.86, 66.76, 66.79, 67.28, 70.02, 70.2, 71.24]",1
LEAD_0344,Southeast Asia,Small,Healthcare,Analytics,26,1,19,5.105,2.682,22.18,"[19.55, 24.41, 46.03, 46.64, 47.77, 47.98, 48.29, 48.6, 57.97, 58.33, 59.97, 61.6, 61.61, 64.2, 66.28, 67.41, 67.51, 67.56, 67.82]",1
LEAD_0345,Southeast Asia,Enterprise,Energy,Hardware,69,2,3,9.22,11.75,59.4,"[7.1, 28.07, 30.6]",0
LEAD_0346,Greater China,Small,Healthcare,Software,10,2,2,0.0,40.56,0.75,"[48.69, 89.25]",0
LEAD_0347,Southeast Asia,Enterprise,General Business,Services,89,2,4,18.354,16.357,26.09,"[14.84, 17.86, 21.6, 63.91]",0
LEAD_0348,Southeast Asia,Large,General Business,Hardware,23,1,1,90.0,90.0,90.0,[82.19],0
LEAD_0349,Southeast Asia,Enterprise,Energy,Hardware,33,2,15,10.705,4.226,18.52,"[12.32, 54.28, 54.38, 54.75, 57.1, 66.24, 66.49, 66.78, 67.94, 68.43, 69.09, 69.57, 69.78, 70.02, 71.48]",1
LEAD_0350,Greater China,Enterprise,General Business,Software,58,4,5,7.834,10.055,23.86,"[25.92, 26.99, 44.35, 47.83, 66.14]",0
LEAD_0351,Southeast Asia,Large,Energy,Hardware,55,1,5,5.482,12.113,37.48,"[4.07, 19.61, 31.96, 35.11, 52.52]",0
LEAD_0352,South Asia,Medium,Energy,Software,27,1,22,7.733,3.639,11.78,"[1.81, 12.51, 47.83, 48.85, 49.25, 49.33, 50.5, 50.83, 62.15, 62.47, 63.45, 67.34, 70.85, 73.28, 73.56, 73.84, 73.95, 74.14, 74.91, 75.36, 75.9, 78.22]",1
LEAD_0353,Greater China,Large,General Business,Hardware,85,1,14,5.507,3.721,13.5,"[28.13, 48.56, 52.46, 52.55, 53.78, 63.35, 63.78, 65.93, 66.12, 66.29, 67.76, 73.69, 74.02, 76.5]",1
LEAD_0354,Europe,Enterprise,General Business,Analytics,44,4,5,12.881,20.275,5.96,"[2.94, 42.8, 47.84, 61.55, 84.04]",0
LEAD_0355,South Asia,Large,General Business,Services,79,3,2,0.0,36.8,2.6,"[50.6, 87.4]",0
LEAD_0356,Greater China,Large,Industry,Hardware,22,3,4,16.441,24.663,5.54,"[10.47, 55.15, 59.56, 84.46]",0
LEAD_0357,South Asia,Medium,General Business,Services,28,4,18,3.99,2.237,18.34,"[33.63, 50.79, 51.07, 51.22, 55.48, 57.94, 58.28, 59.54, 61.85, 62.09, 62.72, 62.95, 63.32, 68.36, 68.79, 69.83, 70.05, 71.66]",1
LEAD_0358,South Asia,Medium,Energy,Analytics,66,4,3,7.88,12.23,61.67,"[3.87, 8.22, 28.33]",0
LEAD_0359,Southeast Asia,Medium,General Business,Analytics,48,4,2,0.0,61.02,15.8,"[13.18, 74.2]",0
LEAD_0360,Greater China,Large,Industry,Hardware,15,4,2,0.0,11.65,68.66,"[9.69, 21.34]",0
LEAD_0361,Southeast Asia,Small,Healthcare,Services,15,4,2,0.0,32.42,14.02,"[43.56, 75.98]",0
LEAD_0362,Europe,Enterprise,Healthcare,Hardware,83,4,3,1.705,12.105,15.44,"[50.35, 64.16, 74.56]",0
LEAD_0363,Southeast Asia,Large,Healthcare,Hardware,72,4,1,90.0,90.0,90.0,[65.55],0
LEAD_0364,South Asia,Large,General Business,Services,79,3,1,90.0,90.0,90.0,[36.02],0
LEAD_0365,Europe,Enterprise,Energy,Analytics,20,1,3,16.725,36.295,0.21,"[17.2, 70.22, 89.79]",0
LEAD_0366,South Asia,Medium,Energy,Analytics,27,1,3,5.66,34.08,5.53,"[16.31, 56.05, 84.47]",0
LEAD_0367,South Asia,Large,General Business,Analytics,56,4,1,90.0,90.0,90.0,[14.42],0
LEAD_0368,Greater China,Enterprise,Industry,Services,34,2,14,14.905,6.082,9.91,"[1.03, 58.24, 58.7, 59.31, 66.0, 66.38, 67.85, 68.02, 68.81, 69.39, 75.16, 75.4, 78.93, 80.09]",1
LEAD_0369,South Asia,Small,General Business,Services,15,1,4,11.7,13.493,27.21,"[22.31, 28.23, 32.77, 62.79]",0
LEAD_0370,South Asia,Large,Energy,Analytics,11,2,3,6.955,9.725,22.37,"[48.18, 50.95, 67.63]",0
LEAD_0371,Southeast Asia,Enterprise,Healthcare,Analytics,55,3,19,6.574,3.361,14.8,"[14.7, 24.47, 51.21, 51.26, 51.51, 51.91, 52.25, 53.82, 54.5, 55.18, 55.74, 68.27, 68.92, 69.43, 69.61, 71.22, 71.96, 73.02, 75.2]",1
LEAD_0372,Greater China,Large,Energy,Services,39,1,14,11.246,5.292,15.58,"[5.62, 48.67, 51.0, 56.38, 56.41, 56.42, 56.43, 56.57, 56.92, 65.52, 66.48, 67.53, 67.76, 74.42]",1
LEAD_0373,Greater China,Small,Energy,Services,28,2,3,0.0,25.95,12.05,"[26.05, 52.0, 77.95]",0
LEAD_0374,Southeast Asia,Small,Industry,Analytics,75,3,4,2.887,6.567,30.12,"[40.18, 45.06, 55.69, 59.88]",0
LEAD_0375,Greater China,Medium,General Business,Software,48,1,3,5.4,8.07,64.9,"[8.96, 11.63, 25.1]",0
LEAD_0376,South Asia,Large,Energy,Hardware,59,4,1,90.0,90.0,90.0,[80.09],0
LEAD_0377,Southeast Asia,Enterprise,Healthcare,Services,74,3,4,6.171,8.393,18.77,"[46.05, 54.22, 70.28, 71.23]",0
LEAD_0378,Europe,Small,Industry,Services,84,4,12,10.142,6.22,12.54,"[9.04, 23.42, 58.55, 58.83, 59.76, 66.52, 66.56, 74.73, 74.87, 75.32, 76.67, 77.46]",1
LEAD_0379,Europe,Large,Healthcare,Software,66,4,2,0.0,62.02,23.93,"[4.05, 66.07]",0
LEAD_0380,Greater China,Small,Industry,Analytics,75,4,1,90.0,90.0,90.0,[41.88],0
LEAD_0381,Europe,Small,Healthcare,Services,57,4,14,6.478,3.704,13.6,"[28.25, 35.8, 60.62, 62.7, 63.05, 64.06, 67.12, 67.24, 67.46, 73.1, 73.95, 74.2, 74.59, 76.4]",1
LEAD_0382,Europe,Medium,Healthcare,Analytics,42,1,4,10.937,15.08,21.93,"[22.83, 52.31, 55.3, 68.07]",0
LEAD_0383,Southeast Asia,Small,Industry,Hardware,78,4,13,11.314,5.953,14.31,"[4.26, 28.07, 65.05, 66.13, 67.27, 71.96, 72.58, 73.26, 73.63, 73.72, 74.27, 75.06, 75.69]",1
LEAD_0384,Europe,Medium,Energy,Hardware,40,3,10,13.771,6.941,10.25,"[17.28, 62.49, 64.02, 66.27, 66.54, 66.97, 76.13, 76.78, 78.51, 79.75]",1
LEAD_0385,South Asia,Large,General Business,Services,84,3,14,10.888,4.64,3.39,"[26.29, 68.18, 69.99, 70.33, 70.63, 71.36, 71.89, 71.94, 72.98, 74.45, 77.29, 77.52, 79.91, 86.61]",1
LEAD_0386,South Asia,Medium,Industry,Services,22,1,4,9.153,14.67,18.31,"[27.68, 44.28, 69.07, 71.69]",0
LEAD_0387,Southeast Asia,Small,Industry,Software,81,4,2,0.0,21.72,42.88,"[25.4, 47.12]",0
LEAD_0388,Southeast Asia,Enterprise,General Business,Services,86,4,1,90.0,90.0,90.0,[7.74],0
LEAD_0389,South Asia,Enterprise,Industry,Hardware,48,3,21,7.23,3.286,7.93,"[16.35, 27.23, 60.02, 60.47, 61.27, 61.43, 61.8, 61.97, 62.44, 62.59, 63.37, 69.87, 71.12, 73.44, 73.58, 75.94, 77.21, 77.77, 78.05, 79.34, 82.07]",1
LEAD_0390,Greater China,Large,Energy,Analytics,63,1,5,10.519,20.415,2.76,"[5.58, 10.84, 34.01, 52.61, 87.24]",0
LEAD_0391,Europe,Enterprise,General Business,Software,45,2,3,6.0,24.57,0.2,"[40.66, 59.23, 89.8]",0
LEAD_0392,South Asia,Small,Energy,Analytics,54,3,1,90.0,90.0,90.0,[37.33],0
LEAD_0393,South Asia,Medium,Industry,Software,56,1,4,10.467,10.003,24.26,"[35.73, 37.35, 40.98, 65.74]",0
LEAD_0394,Europe,Small,General Business,Software,50,2,12,9.243,4.874,16.02,"[20.37, 53.5, 54.44, 56.62, 57.32, 64.65, 66.14, 66.34, 72.71, 73.05, 73.17, 73.98]",1
LEAD_0395,South Asia,Medium,Industry,Services,27,4,4,11.178,15.217,10.91,"[33.44, 50.25, 78.29, 79.09]",0
LEAD_0396,Southeast Asia,Large,Healthcare,Hardware,48,4,2,0.0,2.93,44.78,"[42.29, 45.22]",0
LEAD_0397,South Asia,Medium,Healthcare,Software,31,3,2,0.0,17.87,15.42,"[56.71, 74.58]",0
LEAD_0398,South Asia,Small,Industry,Software,62,3,5,17.615,19.047,2.62,"[11.19, 15.94, 64.99, 78.76, 87.38]",0
LEAD_0399,Southeast Asia,Large,General Business,Hardware,28,1,13,3.452,3.393,22.2,"[27.08, 32.6, 45.69, 46.06, 50.53, 51.62, 53.84, 58.97, 59.81, 60.69, 63.31, 63.51, 67.8]",1
LEAD_0400,Greater China,Small,Healthcare,Software,20,4,3,1.04,20.1,18.02,"[31.78, 52.92, 71.98]",0
LEAD_0401,Europe,Small,Energy,Services,53,3,2,0.0,16.73,19.4,"[53.87, 70.6]",0
LEAD_0402,South Asia,Enterprise,Industry,Analytics,25,3,4,15.379,13.92,46.95,"[1.29, 1.89, 37.36, 43.05]",0
LEAD_0403,South Asia,Enterprise,General Business,Hardware,78,3,5,6.768,15.38,21.27,"[7.21, 20.41, 47.11, 59.99, 68.73]",0
LEAD_0404,Southeast Asia,Enterprise,Energy,Analytics,12,3,2,0.0,16.59,55.2,"[18.21, 34.8]",0
LEAD_0405,Europe,Medium,Healthcare,Software,47,1,10,6.499,4.807,17.14,"[29.6, 32.5, 53.23, 53.34, 60.24, 60.28, 60.66, 61.51, 62.88, 72.86]",1
LEAD_0406,South Asia,Large,Healthcare,Analytics,53,1,2,0.0,9.35,4.86,"[75.79, 85.14]",0
LEAD_0407,Southeast Asia,Large,General Business,Services,59,4,1,90.0,90.0,90.0,[11.42],0
LEAD_0408,Southeast Asia,Enterprise,General Business,Services,87,1,22,8.011,3.828,6.99,"[2.62, 10.1, 47.98, 48.24, 50.1, 55.48, 56.38, 56.5, 57.16, 57.55, 58.63, 58.89, 60.65, 60.84, 61.55, 70.36, 70.93, 71.89, 76.38, 77.74, 82.74, 83.01]",1
LEAD_0409,Europe,Medium,Industry,Hardware,84,3,3,3.965,28.655,3.45,"[29.24, 61.86, 86.55]",0
LEAD_0410,Greater China,Large,Energy,Analytics,74,3,3,19.76,35.88,1.96,"[16.28, 71.92, 88.04]",0
LEAD_0411,Southeast Asia,Medium,Healthcare,Services,64,4,4,5.718,19.907,24.16,"[6.12, 33.49, 46.97, 65.84]",0
LEAD_0412,Southeast Asia,Medium,Energy,Analytics,46,2,17,6.508,3.857,7.75,"[20.53, 47.15, 47.21, 47.87, 50.64, 51.09, 51.34, 51.66, 52.83, 57.08, 57.28, 57.52, 58.0, 63.57, 65.26, 73.17, 82.25]",1
LEAD_0413,Europe,Large,Energy,Hardware,56,4,3,0.325,19.145,19.78,"[31.93, 50.75, 70.22]",0
LEAD_0414,Greater China,Enterprise,Energy,Software,18,1,5,6.468,8.61,43.81,"[11.75, 17.62, 37.12, 39.65, 46.19]",0
LEAD_0415,Southeast Asia,Large,General Business,Hardware,26,4,1,90.0,90.0,90.0,[16.45],0
LEAD_0416,South Asia,Enterprise,Energy,Services,50,2,3,8.425,31.975,23.89,"[2.16, 25.71, 66.11]",0
LEAD_0417,Greater China,Small,Energy,Software,49,3,5,9.487,12.02,33.69,"[8.23, 36.66, 42.45, 49.55, 56.31]",0
LEAD_0418,South Asia,Large,Energy,Services,71,1,4,4.61,13.993,37.07,"[10.95, 24.8, 44.51, 52.93]",0
LEAD_0419,Greater China,Enterprise,General Business,Software,28,3,3,12.415,16.015,34.95,"[23.02, 26.62, 55.05]",0
LEAD_0420,South Asia,Large,General Business,Analytics,43,4,4,5.536,12.177,18.84,"[34.63, 39.24, 53.46, 71.16]",0
LEAD_0421,Europe,Large,General Business,Software,79,4,1,90.0,90.0,90.0,[7.34],0
LEAD_0422,Greater China,Enterprise,Healthcare,Services,19,2,10,6.089,4.09,23.81,"[29.38, 31.89, 51.77, 53.71, 54.61, 55.04, 55.08, 57.73, 66.15, 66.19]",1
LEAD_0423,South Asia,Medium,Industry,Analytics,83,1,14,4.811,3.374,14.23,"[31.91, 49.29, 49.71, 49.78, 52.0, 52.42, 53.74, 58.66, 60.95, 70.88, 71.04, 71.22, 74.31, 75.77]",1
LEAD_0424,Greater China,Small,General Business,Software,40,2,18,9.994,3.245,25.89,"[8.95, 52.04, 52.55, 55.6, 56.14, 56.31, 56.65, 56.82, 56.97, 57.8, 58.57, 58.81, 58.94, 59.4, 60.36, 61.08, 61.46, 64.11]",1
LEAD_0425,South Asia,Enterprise,Energy,Software,51,1,5,19.247,16.02,12.72,"[13.2, 62.13, 68.82, 77.15, 77.28]",0
LEAD_0426,Southeast Asia,Large,Healthcare,Software,38,2,1,90.0,90.0,90.0,[4.84],0
LEAD_0427,Europe,Large,Healthcare,Analytics,84,2,3,0.695,10.905,62.46,"[5.73, 15.94, 27.54]",0
LEAD_0428,South Asia,Enterprise,General Business,Services,60,2,21,9.126,3.843,9.34,"[3.79, 46.87, 47.12, 47.18, 47.95, 48.16, 51.71, 53.1, 56.11, 58.15, 58.7, 61.19, 62.4, 64.25, 66.49, 69.05, 71.27, 72.44, 73.4, 73.86, 80.66]",1
LEAD_0429,South Asia,Small,Energy,Services,72,4,5,11.386,17.617,7.0,"[12.53, 12.78, 27.38, 55.08, 83.0]",0
LEAD_0430,Greater China,Enterprise,Healthcare,Software,88,3,3,14.085,18.385,28.88,"[24.35, 56.82, 61.12]",0
LEAD_0431,Greater China,Enterprise,Industry,Analytics,56,1,1,90.0,90.0,90.0,[11.91],0
LEAD_0432,Southeast Asia,Medium,General Business,Hardware,70,4,4,15.546,18.557,2.18,"[32.15, 33.22, 48.98, 87.82]",0
LEAD_0433,Southeast Asia,Small,Energy,Services,80,1,5,12.012,9.245,47.34,"[5.68, 35.71, 37.43, 40.61, 42.66]",0
LEAD_0434,Europe,Medium,Energy,Software,70,1,3,6.2,9.97,9.44,"[60.62, 76.79, 80.56]",0
LEAD_0435,Europe,Enterprise,General Business,Software,89,2,14,10.691,4.738,12.91,"[15.5, 55.96, 57.17, 57.56, 59.88, 70.85, 70.95, 71.02, 71.18, 71.44, 72.16, 72.56, 75.87, 77.09]",1
LEAD_0436,Southeast Asia,Large,Energy,Analytics,13,1,13,12.772,6.3,13.26,"[1.14, 47.37, 47.53, 49.24, 49.84, 58.55, 59.66, 60.03, 74.63, 74.7, 76.4, 76.43, 76.74]",1
LEAD_0437,South Asia,Medium,Energy,Services,77,3,2,0.0,20.91,1.18,"[67.91, 88.82]",0
LEAD_0438,South Asia,Large,Energy,Software,74,4,1,90.0,90.0,90.0,[77.18],0
LEAD_0439,Southeast Asia,Large,Healthcare,Software,30,2,16,9.124,5.124,9.3,"[3.84, 34.32, 59.55, 60.17, 62.35, 62.62, 63.01, 63.56, 64.46, 71.36, 72.59, 72.87, 73.08, 75.47, 77.12, 80.7]",1
LEAD_0440,South Asia,Large,Industry,Analytics,26,2,14,4.434,3.199,20.71,"[27.7, 33.65, 47.31, 47.47, 50.08, 50.79, 50.98, 51.22, 51.64, 54.34, 66.49, 66.5, 68.25, 69.29]",1
LEAD_0441,South Asia,Enterprise,Healthcare,Services,68,3,4,7.891,13.467,4.27,"[45.33, 54.53, 79.06, 85.73]",0
LEAD_0442,South Asia,Small,Energy,Analytics,25,3,3,0.03,22.8,26.92,"[17.48, 40.25, 63.08]",0
LEAD_0443,South Asia,Medium,Healthcare,Hardware,31,4,1,90.0,90.0,90.0,[58.1],0
LEAD_0444,South Asia,Small,Healthcare,Analytics,67,2,14,6.323,3.63,15.96,"[26.85, 51.7, 52.01, 52.48, 57.3, 57.75, 58.76, 59.8, 62.91, 65.12, 70.36, 72.42, 73.05, 74.04]",1
LEAD_0445,South Asia,Enterprise,Industry,Software,40,2,3,10.06,11.96,59.87,"[6.21, 28.23, 30.13]",0
LEAD_0446,South Asia,Large,Industry,Hardware,19,3,2,0.0,19.61,16.71,"[53.68, 73.29]",0
LEAD_0447,Southeast Asia,Medium,General Business,Software,83,3,2,0.0,33.17,6.03,"[50.8, 83.97]",0
LEAD_0448,Southeast Asia,Small,General Business,Analytics,41,3,3,1.66,23.38,25.86,"[17.38, 42.42, 64.14]",0
LEAD_0449,South Asia,Enterprise,General Business,Software,45,2,5,13.585,14.955,27.9,"[2.28, 28.45, 30.86, 61.55, 62.1]",0
LEAD_0450,Greater China,Medium,Energy,Analytics,57,3,8,9.531,8.359,24.08,"[7.41, 34.77, 52.97, 53.57, 57.65, 58.76, 63.15, 65.92]",1
LEAD_0451,Europe,Medium,Healthcare,Services,30,2,5,14.712,16.88,7.52,"[14.96, 17.59, 48.11, 49.86, 82.48]",0
LEAD_0452,South Asia,Small,General Business,Software,82,2,1,90.0,90.0,90.0,[10.34],0
LEAD_0453,Greater China,Medium,Energy,Software,29,4,17,5.184,3.206,9.73,"[28.98, 30.42, 52.66, 52.92, 54.55, 56.85, 63.19, 63.56, 63.99, 64.62, 68.74, 70.84, 71.61, 71.85, 75.71, 78.83, 80.27]",1
LEAD_0454,Greater China,Enterprise,Energy,Software,58,1,2,0.0,29.24,55.13,"[5.63, 34.87]",0
LEAD_0455,South Asia,Small,General Business,Services,15,4,4,11.944,16.887,22.56,"[16.78, 18.37, 49.11, 67.44]",0
LEAD_0456,Greater China,Large,Healthcare,Analytics,35,1,5,8.573,11.407,34.82,"[9.55, 34.24, 35.62, 47.82, 55.18]",0
LEAD_0457,Europe,Medium,Energy,Services,58,4,2,0.0,16.41,26.34,"[47.25, 63.66]",0
LEAD_0458,Southeast Asia,Small,Healthcare,Software,35,1,4,10.83,12.2,51.41,"[1.99, 4.84, 32.22, 38.59]",0
LEAD_0459,Europe,Large,Industry,Hardware,57,4,2,0.0,51.75,24.47,"[13.78, 65.53]",0
LEAD_0460,South Asia,Large,Industry,Software,21,4,2,0.0,39.35,13.0,"[37.65, 77.0]",0
LEAD_0461,Europe,Enterprise,Healthcare,Hardware,53,1,5,6.222,17.508,9.23,"[10.74, 29.51, 53.76, 73.42, 80.77]",0
LEAD_0462,Europe,Small,Industry,Software,80,4,3,12.5,35.17,11.73,"[7.93, 30.6, 78.27]",0
LEAD_0463,Europe,Large,Industry,Hardware,68,1,3,17.01,24.91,15.51,"[24.67, 66.59, 74.49]",0
LEAD_0464,South Asia,Enterprise,Industry,Analytics,18,3,3,6.285,7.665,70.94,"[3.73, 17.68, 19.06]",0
LEAD_0465,South Asia,Large,Healthcare,Hardware,20,2,2,0.0,20.83,29.98,"[39.19, 60.02]",0
LEAD_0466,South Asia,Large,Industry,Hardware,23,2,4,9.269,21.87,16.05,"[8.34, 17.36, 47.9, 73.95]",0
LEAD_0467,Greater China,Enterprise,Healthcare,Software,76,2,15,6.744,4.294,14.19,"[15.7, 23.7, 49.89, 52.27, 52.65, 62.14, 62.73, 63.61, 63.69, 64.63, 65.03, 68.14, 69.67, 69.91, 75.81]",1
LEAD_0468,Europe,Large,General Business,Services,30,4,2,0.0,74.14,9.59,"[6.27, 80.41]",0
LEAD_0469,South Asia,Medium,Industry,Software,18,1,2,0.0,63.04,23.66,"[3.3, 66.34]",0
LEAD_0470,Europe,Medium,Energy,Services,53,2,2,0.0,51.65,33.88,"[4.47, 56.12]",0
LEAD_0471,Europe,Enterprise,Industry,Software,60,2,22,7.237,3.51,12.46,"[3.84, 13.2, 47.11, 47.12, 48.38, 48.73, 50.0, 50.2, 51.53, 59.74, 62.26, 64.13, 64.2, 64.28, 66.31, 68.26, 68.75, 68.8, 71.37, 76.17, 76.95, 77.54]",1
LEAD_0472,Greater China,Enterprise,Healthcare,Hardware,61,1,18,5.166,3.364,13.63,"[19.18, 30.98, 50.46, 51.68, 54.43, 54.6, 54.67, 55.23, 56.3, 61.26, 61.44, 62.68, 64.36, 64.72, 64.99, 74.2, 74.77, 76.37]",1
LEAD_0473,Greater China,Small,Industry,Software,16,2,2,0.0,40.46,38.19,"[11.35, 51.81]",0
LEAD_0474,Southeast Asia,Large,Energy,Hardware,69,1,5,6.491,11.863,25.27,"[17.28, 24.44, 28.46, 48.36, 64.73]",0
LEAD_0475,Southeast Asia,Enterprise,General Business,Analytics,16,4,4,11.828,17.173,21.92,"[16.56, 27.09, 60.88, 68.08]",0
LEAD_0476,Greater China,Enterprise,Industry,Analytics,20,4,2,0.0,4.62,0.4,"[84.98, 89.6]",0
LEAD_0477,Europe,Small,Energy,Services,49,1,3,5.47,25.45,20.78,"[18.32, 38.3, 69.22]",0
LEAD_0478,Greater China,Enterprise,Healthcare,Hardware,62,2,1,90.0,90.0,90.0,[0.79],0
LEAD_0479,Southeast Asia,Small,General Business,Analytics,18,4,5,14.681,18.04,5.81,"[12.03, 34.92, 74.66, 82.19, 84.19]",0
LEAD_0480,South Asia,Small,General Business,Hardware,67,2,3,24.72,29.82,5.56,"[24.8, 29.9, 84.44]",0
LEAD_0481,Europe,Small,Healthcare,Analytics,81,1,3,21.345,26.695,18.18,"[18.43, 66.47, 71.82]",0
LEAD_0482,Southeast Asia,Medium,Energy,Services,63,3,15,12.413,4.858,15.94,"[6.05, 55.54, 56.65, 57.12, 59.53, 59.69, 62.1, 64.17, 66.59, 67.46, 68.41, 71.82, 72.3, 72.96, 74.06]",1
LEAD_0483,Europe,Enterprise,Energy,Analytics,44,2,2,0.0,59.16,29.34,"[1.5, 60.66]",0
LEAD_0484,Greater China,Medium,Healthcare,Hardware,32,2,4,11.588,20.813,26.9,"[0.66, 36.97, 45.42, 63.1]",0
LEAD_0485,Southeast Asia,Enterprise,Industry,Software,40,3,3,13.27,17.55,12.88,"[42.02, 46.3, 77.12]",0
LEAD_0486,Greater China,Small,Healthcare,Analytics,66,3,5,12.967,13.065,3.0,"[34.74, 41.12, 42.76, 77.79, 87.0]",0
LEAD_0487,Europe,Enterprise,Industry,Software,58,4,5,7.333,15.16,11.0,"[18.36, 37.54, 50.19, 74.38, 79.0]",0
LEAD_0488,Europe,Large,Industry,Services,37,4,10,6.544,4.836,10.91,"[35.57, 54.99, 56.04, 57.12, 58.92, 61.56, 75.68, 75.81, 76.6, 79.09]",1
LEAD_0489,Southeast Asia,Small,General Business,Analytics,86,3,5,3.834,10.145,26.49,"[22.93, 31.67, 40.52, 46.94, 63.51]",0
LEAD_0490,Greater China,Medium,Industry,Hardware,87,1,10,4.449,3.924,22.73,"[31.95, 46.28, 46.34, 52.17, 54.16, 56.44, 57.01, 58.62, 59.21, 67.27]",1
LEAD_0491,Greater China,Small,Energy,Hardware,67,3,5,19.486,20.133,4.92,"[4.55, 5.15, 49.26, 83.79, 85.08]",0
LEAD_0492,Southeast Asia,Small,Energy,Analytics,14,4,5,13.619,16.195,0.11,"[25.11, 25.43, 36.45, 52.18, 89.89]",0
LEAD_0493,Southeast Asia,Medium,General Business,Software,30,3,8,10.37,7.107,17.74,"[22.51, 54.43, 57.23, 60.26, 60.53, 68.27, 69.15, 72.26]",1
LEAD_0494,South Asia,Medium,Healthcare,Services,16,2,2,0.0,38.09,3.53,"[48.38, 86.47]",0
LEAD_0495,Southeast Asia,Large,Industry,Software,56,2,16,11.495,5.086,12.54,"[1.17, 47.33, 48.39, 61.91, 62.08, 67.08, 67.18, 67.36, 68.23, 69.1, 69.32, 72.21, 72.69, 72.8, 72.96, 77.46]",1
LEAD_0496,Europe,Large,Healthcare,Hardware,44,2,3,16.385,25.725,17.1,"[21.45, 30.79, 72.9]",0
LEAD_0497,Southeast Asia,Enterprise,Energy,Hardware,10,2,3,16.415,28.765,31.65,"[0.82, 46.0, 58.35]",0
LEAD_0498,South Asia,Enterprise,Healthcare,Analytics,55,4,3,5.08,9.82,11.47,"[58.89, 63.63, 78.53]",0
LEAD_0499,Europe,Medium,Healthcare,Analytics,81,2,2,0.0,25.16,56.52,"[8.32, 33.48]",0
